date,account,description,amount,type,ref
2026-09-01,HDFC-SAV,SALARY XBP ASIA,117483.00,CREDIT,NEFT001
2026-09-02,HDFC-SAV,UPI-SWIGGY BANGALORE,-450.00,DEBIT,UPI1001
2026-09-03,HDFC-SAV,UPI-ZOMATO,-320.00,DEBIT,UPI1002
2026-09-04,HDFC-SAV,RENT TRANSFER,-15000.00,DEBIT,IMPS1003
2026-09-05,CC-1,AMAZON PAY INDIA,-1299.00,DEBIT,
2026-09-06,CC-1,UBER INDIA,-240.00,DEBIT,
2026-09-08,HDFC-SAV,CC-1 CARD PAYMENT,-5000.00,DEBIT,
2026-09-09,HDFC-SAV,GOLD SCHEME EMI,-40000.00,DEBIT,
2026-09-10,HDFC-SAV,HDFC LIFE PREMIUM,-10000.00,DEBIT,
2026-09-12,CC-2,NETFLIX,-649.00,DEBIT,
2026-09-15,HDFC-SAV,BIGBASKET,-2100.00,DEBIT,UPI1010
